time,station,drop_data,evaluate_value[0], evaluate_value[1]
2023_12_11_20_18_41,卓蘭會館光電.csv,125,[0.8860998749732971, 0.8860998749732971]
